Peptide,CDR3,Label
KLLAGVEIV,CASSYVNGGAIGGELFF,1
KLLAGVEIV,CASSLPDRGGTKNIQYF,1
KLLAGVEIV,CASSLAGPVPGYTF,0
KLLAGVEIV,CTTSRELTGLRNQPQHF,0
KLLAGVEIV,CASSWREGFPYEQYF,Unknown
KLLAGVEIV,CASRNRDPNGYTF,Unknown
KLLAGVEIV,CATGETGNEKLFF,Unknown
KLLAGVEIV,CASESRRANTGELFF,Unknown
THLMVLCCV,CASRGQNTGELFF,1
THLMVLCCV,CAIRQFDANTGELFF,1
THLMVLCCV,CASSIRVGGTGELSTEAFF,0
THLMVLCCV,CSVEDLARLGNTIYF,0
THLMVLCCV,CASSVLNTGELFF,Unknown
THLMVLCCV,CASSDTPDLNTEAFF,Unknown
THLMVLCCV,CASSILGASNQPQHF,Unknown
THLMVLCCV,CAISARDQNTGELFF,Unknown
THLMVLCCV,CASLGRTPRDTEAFF,Unknown
THLMVLCCV,CSALRDNEQFF,Unknown
THLMVLCCV,CSASRRGIGNTIYF,Unknown
THLMVLCCV,CAIPQGYYGYTF,Unknown
KASEKIFYV,CASSQDSHSTSTDTQYF,1
KASEKIFYV,CATSSFRMTGDNSPLHF,1
KASEKIFYV,CASSYSTGGGNTGELFF,0
KASEKIFYV,CASSMIRVRHTEAFF,0
KASEKIFYV,CASSWEYEQYF,Unknown
KASEKIFYV,CASSALFSGANVLTF,Unknown
KASEKIFYV,CASSIDGAGPGYTF,Unknown
KASEKIFYV,CASTPVGPTYGYTF,Unknown
CHIPVEPNT,CASRGQNTGELFF,1
CHIPVEPNT,CASSIIAGSSYNEQFF,1
CHIPVEPNT,CASSSTVGQGLEKLFF,0
CHIPVEPNT,CATSDRREANEKLFF,0
CHIPVEPNT,CASSVLNTGELFF,Unknown
CHIPVEPNT,CASRPWGARDTIYF,Unknown
KVLEYVIKV,CASSQYGNQPQHF,1
KVLEYVIKV,CASSLYQETQYF,1
KVLEYVIKV,CASSLAEIGLYEQYF,0
KVLEYVIKV,CSAPNEGGANEKLFF,0
KVLEYVIKV,CASSSGQGATNEKLFF,Unknown
KVLEYVIKV,CSVAGTTGYEQYF,Unknown
KVLEYVIKV,CASRLSGSAYEQYF,Unknown
KVLEYVIKV,CASSLEPTANQPQHF,Unknown
KVLEYVIKV,CASSLGILGGSLEPQHF,Unknown
KVLEYVIKV,CASSLAVTSGGGTQYF,Unknown
KVLEYVIKV,CASDITAGAGSPLHF,Unknown
KVLEYVIKV,CATSRDLRRGPWNTEAFF,Unknown
KVLEYVIKV,CASSQDGIAGSSYNEQFF,Unknown
KVLEYVIKV,CASSSTRTGNSQYF,Unknown
YLEAGPVTA,ASSFIGGTDTQYFG,1
YLEAGPVTA,ASSFIGGTDTQY,1
YLEAGPVTA,CASSLEVAFF,0
YLEAGPVTA,CASSLGTDIGGYTF,0
YLEAGPVTA,ASSIGGPYEQYFG,Unknown
YLEAGPVTA,CASSYLTKEKLFF,Unknown
MLSILALVRV,CASNPGTDFNTGELFF,1
MLSILALVRV,CASSYARDRNTEAFF,1
MLSILALVRV,CASSLDRRGALRTNEKLFF,0
MLSILALVRV,CSAREVASYNEQFF,0
MLSILALVRV,CASIGVSYEQYF,Unknown
MLSILALVRV,CSARPPQQVNNSPLHF,Unknown
FDVMVMPNL,CASSIIAGSSYNEQFF,1
FDVMVMPNL,CASSVLNTGELFF,1
FDVMVMPNL,CAISETGQGSPLHF,0
FDVMVMPNL,CASSPQPRGPLYNEQFF,0
FDVMVMPNL,CASRGQNTGELFF,Unknown
FDVMVMPNL,CAWSPRTGSNSPLHF,Unknown
GAVECCPNC,CASSILGASNQPQHF,1
GAVECCPNC,CASRGQNTGELFF,1
GAVECCPNC,CASSGSWGFYNEQFF,0
GAVECCPNC,CASIRTSGRRNTGELFF,0
GAVECCPNC,CASSVLNTGELFF,Unknown
GAVECCPNC,CSVDRHPGPRRGYTF,Unknown
LLIASVTWL,CASSLVRDRHTEAFF,1
LLIASVTWL,CASSSGGAWYTF,1
LLIASVTWL,CSARVRTSGGSDEQFF,0
LLIASVTWL,CSADAGLAETSTDTQYF,0
LLIASVTWL,CATSGTGGTGELFF,Unknown
LLIASVTWL,CSVEGLAGRGYNEQFF,Unknown
LLIASVTWL,CASTQREGLGTKNIQYF,Unknown
LLIASVTWL,CASSIGRSRGLGNQPQHF,Unknown
VLFHRAFLV,CSVGGGEGNYEQYF,1
VLFHRAFLV,CASSLGAGSYEQYF,1
VLFHRAFLV,CASSQGGAGAKMNTEAFF,0
VLFHRAFLV,CSARDLPNQPQHF,0
VLFHRAFLV,CSARWDRVSSSTDTQYF,Unknown
VLFHRAFLV,CASSDGRADTQYF,Unknown
VLFHRAFLV,CASREGTEAIDTEAFF,Unknown
VLFHRAFLV,CATSRPTDWVETQYF,Unknown
VLFHRAFLV,CASSPLGLAEQETQYF,Unknown
VLFHRAFLV,CASSEGWVDTQYF,Unknown
VLFHRAFLV,CASSSPGQGYYEQYF,Unknown
VLFHRAFLV,CASSPPGSDEKLFF,Unknown
VLFHRAFLV,CSSQPGLMWGNEQFF,Unknown
VLFHRAFLV,CASSYSSQAAHYGYTF,Unknown
VLFHRAFLV,CASSRLTLRAGLNGELFF,Unknown
VLFHRAFLV,CASTPLGGGGDTQYF,Unknown
VLFHRAFLV,CASSLAGDERAYEQYF,Unknown
VLFHRAFLV,CAWSQNVGTGIGEKLFF,Unknown
KINAWIKVV,CSASRDSYEQYF,1
KINAWIKVV,CASSPRGDWEEKAGELFF,1
KINAWIKVV,CASSVYSGNDGYTF,0
KINAWIKVV,CSASPGSGNEQYF,0
KINAWIKVV,CSAFSSGTGGVTGELFF,Unknown
KINAWIKVV,CASSPRVSGGSNQPQHF,Unknown
IPLTEEAEL,CASSFRGGKTQYF,1
IPLTEEAEL,ASRTRGGTLIEQY,1
IPLTEEAEL,CASSEAPFLGTGELFF,0
IPLTEEAEL,CASSQDYGRATEAFF,0
IPLTEEAEL,CASRTRGGTLIEQYF,Unknown
IPLTEEAEL,CASSYVTSGRVPYEQYF,Unknown
YMFLASPSV,CASSGRQGIDTEAFF,1
YMFLASPSV,CASSPDRFYEQYF,1
YMFLASPSV,CATSDPGEQETQYF,0
YMFLASPSV,CASSSPEGELNEKLFF,0
YMFLASPSV,CASSPYSGANVLTF,Unknown
YMFLASPSV,CASSHGCIVRDNLNQPQHF,Unknown
ALEPGPVTA,ASSFIGGTDTQYFG,1
ALEPGPVTA,ASSIGGPYEQYFG,1
ALEPGPVTA,CASMITGFTEAFF,0
ALEPGPVTA,CASSYGADVSIQYF,0
ALEPGPVTA,ASSFIGGTDTQY,Unknown
ALEPGPVTA,CASSLERRNNDQGYTL,Unknown
RMAAISNTV,CASSSPDSNNEQFF,1
RMAAISNTV,CASSIGDYEQYF,1
RMAAISNTV,CASSPVGLAALGEQFF,0
RMAAISNTV,CASRQAGSNSPLHF,0
RMAAISNTV,CASSLIDTGELFF,Unknown
RMAAISNTV,CASSLAQSDSLAFF,Unknown
RMAAISNTV,CASSSGTSGSIETQYF,Unknown
RMAAISNTV,CATSEPGHARGQYF,Unknown
GILEFVFTL,CASSIRSSYEQYF,1
GILEFVFTL,ASSIRSSYEQY,1
GILEFVFTL,CASSDGRLDTQYF,0
GILEFVFTL,CASTEYVQALRSNQPQHF,0
GILEFVFTL,ASSSRSSYEQY,Unknown
GILEFVFTL,CASSTRDRVYEQYV,Unknown
FIFSYVVAV,CASSDQGALSSYEQYF,1
FIFSYVVAV,CASSKGLRQFF,1
FIFSYVVAV,CASSSPLGRNEQFF,0
FIFSYVVAV,CSAPNFARAGSDEQYF,0
FIFSYVVAV,CASSLSVFPGRAEQYF,Unknown
FIFSYVVAV,CASSIEGGRLDEQYF,Unknown
YMDGTMSQV,CASSLGQGLSYEQYF,1
YMDGTMSQV,CASSLVMDNYGYTF,1
YMDGTMSQV,CASSQANRAYSYEQYF,0
YMDGTMSQV,CASSRGGSGRHNEQFF,0
YMDGTMSQV,CSVTGTGLFDEQYF,Unknown
YMDGTMSQV,CASSQEGPSGDLNTEAFF,Unknown
KLSREIMPV,CASSTGGDTQYF,1
KLSREIMPV,CASSFLSSYNEQFF,1
KLSREIMPV,CASSPNRGTADTQYF,0
KLSREIMPV,CASMIRDEVDYGYTF,0
KLSREIMPV,CASRGTGTGSYEQYF,Unknown
KLSREIMPV,CASSLASEQYF,Unknown
KLSREIMPV,CASDSGQGYEQYF,Unknown
KLSREIMPV,CASTRSIEAFF,Unknown
KLYGLDWAEL,CASSPRNLGPSGSYEQYF,1
KLYGLDWAEL,CASRPSRGTNYGYTF,1
KLYGLDWAEL,CASSPRVPRPQHF,0
KLYGLDWAEL,CASSPDFGGGFDQPQHF,0
KLYGLDWAEL,CASSERGMVEAFF,Unknown
KLYGLDWAEL,CSARGVAGVANTGELFF,Unknown
AVYDGREHTV,CASSSDQNGDPYEQYF,1
AVYDGREHTV,CASSFLMTSGDYEQYF,1
AVYDGREHTV,CASSTSRRAYEQYF,0
AVYDGREHTV,CASSQEGALDTQYF,0
AVYDGREHTV,ASSSDQNSGDPYEQYF,Unknown
AVYDGREHTV,CAAAKREDYGYTF,Unknown
LLLNMLIVL,CASSLAGGTEAFF,1
LLLNMLIVL,CASGTELMNTEAFF,1
LLLNMLIVL,CASSMLAGGPRRETQYF,0
LLLNMLIVL,CASSMTDSREQYF,0
LLLNMLIVL,CASSEELYNEFF,Unknown
LLLNMLIVL,CASSSESGELFF,Unknown
LLLNMLIVL,CASSSRLVRRGTGELFF,Unknown
LLLNMLIVL,CASSPGTGEVYEKLFF,Unknown
KLNTITPVV,CASSPAGTDYGYTF,1
KLNTITPVV,CSVEAGGVSEAFF,1
KLNTITPVV,CASSDPGTGGAEAFF,0
KLNTITPVV,CASITPRTAGELFF,0
KLNTITPVV,CASSLETGGWETQYF,Unknown
KLNTITPVV,CASSPTSGGYEQYF,Unknown
KLNTITPVV,CASSQVPGSYEQYF,Unknown
KLNTITPVV,CSDGTGDGYTF,Unknown
KLNTITPVV,CASSFSVWDSNQPQHF,Unknown
KLNTITPVV,CASMRPTSYEQYF,Unknown
KLNTITPVV,CASSEYQEPYNEQFF,Unknown
KLNTITPVV,CASSLDLLDQPQHF,Unknown
KLNTITPVV,CASSQQGNRGNTEAFF,Unknown
KLNTITPVV,CASSYEAQGGGSPLHF,Unknown
KLNTITPVV,CASSSPGVSAEQYF,Unknown
KLNTITPVV,CASSSLGPQRSDFYEQYF,Unknown
KLNTITPVV,CASSQTNAGRVQYF,Unknown
KLNTITPVV,CASSLVAGIPGANVLTF,Unknown
SLAPLSPRA,CSAPKEEPYGYTF,1
SLAPLSPRA,CASSETSGLIDEKLFF,1
SLAPLSPRA,CASSAPSVGGGGYTF,0
SLAPLSPRA,CAWRVRSYNEQFF,0
SLAPLSPRA,CASSQGTGGIVDIQYF,Unknown
SLAPLSPRA,CASSQEVGSSYNSPLHF,Unknown
SLAPLSPRA,CASSLGPSLYEQYF,Unknown
SLAPLSPRA,CSVEEGDRETNEQFF,Unknown
SLAPLSPRA,CAIRKIRPTSGMNEQFF,Unknown
SLAPLSPRA,CASSQEEAVLETQYF,Unknown
YLDELIRNT,CASSEPGPWAFF,1
YLDELIRNT,CASSVEGALTDTQYF,1
YLDELIRNT,CASSYRTGIGDTEAFF,0
YLDELIRNT,CAITHGDTDTQYF,0
YLDELIRNT,CASSALAGGYNEQFF,Unknown
YLDELIRNT,CASSWDRGTYEQYF,Unknown
YLDELIRNT,CSARDPFSGGAAGELFF,Unknown
YLDELIRNT,CATSRAPTGSQETQYF,Unknown
RPHERNGFTV,CASSPSRNTEAFF,1
RPHERNGFTV,CASSPARNTEAFF,1
RPHERNGFTV,CASTFLGPGANVLTF,0
RPHERNGFTV,CASSLPQGRFYEQYF,0
RPHERNGFTV,CASSPHRNTEAFF,Unknown
RPHERNGFTV,CASSQAALAGFGYEQYF,Unknown
RPHERNGFTV,CASSPDLTKNIQYF,Unknown
RPHERNGFTV,CAWSRNIGSSGGFYNEQFF,Unknown
AAFKRSCLK,CATSRDGAGLVNQPQHF,1
AAFKRSCLK,CASSQDPGSSYNEQFF,1
AAFKRSCLK,CASSPRRGGQNEQFF,0
AAFKRSCLK,CSARVDKGLDPYGYTF,0
AAFKRSCLK,CASSQGFGANVLTF,Unknown
AAFKRSCLK,CASVSGQGVSPLHF,Unknown
AAFKRSCLK,CASRQGTSDTDTQYF,Unknown
AAFKRSCLK,CAWKGQGVPPLHF,Unknown
LVMPFSIVYI,CASSQGLNPGQGLDTEAFF,1
LVMPFSIVYI,CSAETGRDLEAFF,1
LVMPFSIVYI,CSARVGHRGQNEQYF,0
LVMPFSIVYI,CASSLFPGQGMRSYNEQFF,0
LVMPFSIVYI,CASSLTGLLNTEAFF,Unknown
LVMPFSIVYI,CASRPQRQIYEQYF,Unknown
LLAMKVPNV,CSAETGRDLEAFF,1
LLAMKVPNV,CASSQDNNEQFF,1
LLAMKVPNV,CASSLSQTGSGNTIYF,0
LLAMKVPNV,CASSRREVPSHADTQYF,0
LLAMKVPNV,CAQGDYNEQFF,Unknown
LLAMKVPNV,CASGSRQVQGQETQYF,Unknown
CLGGLLTMV,CSVGNSGYQETQYF,1
CLGGLLTMV,CSASPRGGEQYF,1
CLGGLLTMV,CASSVRDRGKVDGYTF,0
CLGGLLTMV,CASSFTPDGNTIYF,0
CLGGLLTMV,CASSYSFGGAPAQETQYF,Unknown
CLGGLLTMV,CASSLGQGVLSDTQYF,Unknown
CLGGLLTMV,CASSSEGQASSYEQYF,Unknown
CLGGLLTMV,ASSYVSQNNEQF,Unknown
CLGGLLTMV,CSVMLANQETQYF,Unknown
CLGGLLTMV,CASSLDSILNYGYTF,Unknown
CLGGLLTMV,CSARSDNTDTQYF,Unknown
CLGGLLTMV,CASSKRTGRGISDTQYF,Unknown
CLGGLLTMV,CASSTRSGADTDTQYF,Unknown
CLGGLLTMV,CASSLVLAGGPGNTQYF,Unknown
ALSYTPAEV,CASSSDRGEQFF,1
ALSYTPAEV,CASSSPSGYEQYF,1
ALSYTPAEV,CATAGGSTGELFF,0
ALSYTPAEV,CASSIPRVLRRGAPEAFF,0
ALSYTPAEV,CASSLGQEIPYYGYTF,Unknown
ALSYTPAEV,CASSTQGTGVYNEQFF,Unknown
ALSYTPAEV,CASSMRGWSSGNTIYF,Unknown
ALSYTPAEV,CASSLGLGGAFDEQYF,Unknown
FLNDLLSVL,CASIETESTGELFF,1
FLNDLLSVL,CASSIGTVNRGPNTEAFF,1
FLNDLLSVL,CASSEVSGGPSYTQYF,0
FLNDLLSVL,CASSPGPGSGSEAFF,0
FLNDLLSVL,CASSESSSTGGKWDTQYF,Unknown
FLNDLLSVL,CASSLTGGRDNSPLHF,Unknown
YLLAIFSGL,CASSLPDRGGTKNIQYF,1
YLLAIFSGL,CASSGSGASTDTQYF,1
YLLAIFSGL,CASSFGWGELVTNTQYF,0
YLLAIFSGL,CASSPSSGGDEQYF,0
YLLAIFSGL,CASTLGQGNTEAFF,Unknown
YLLAIFSGL,CASSVPFQGSTDTQYF,Unknown
YLQDSMATT,CASSLNTEAFF,1
YLQDSMATT,CASSISTEAFF,1
YLQDSMATT,CATSGDRVYYGYTF,0
YLQDSMATT,CASARGINNQPQHF,0
YLQDSMATT,CASSVEGSSYNEQFF,Unknown
YLQDSMATT,CASSQAGTSGRGGDTQYF,Unknown
QLLVSLWGL,CASSLVGADRSGELFF,1
QLLVSLWGL,CATSRGPTQAPYEETQYF,1
QLLVSLWGL,CASSRGPSGGSSYEQYF,0
QLLVSLWGL,CATPGTSNQPQHF,0
QLLVSLWGL,CSARDPVGGSNTGELFF,Unknown
QLLVSLWGL,CASSYSAGTSGFTGELFF,Unknown
WLSLLVPFV,CASSLGQGGVGEKLFF,1
WLSLLVPFV,CASSQQGVWGTGELFF,1
WLSLLVPFV,CASSQGGREPREKLFF,0
WLSLLVPFV,CATFLWGSHGYTF,0
WLSLLVPFV,CASSQTIGTGFSNEQFF,Unknown
WLSLLVPFV,CTSNRGAGGYTF,Unknown
FLNDLLSVM,CASSESSSTGGKWDTQYF,1
FLNDLLSVM,CASIETESTGELFF,1
FLNDLLSVM,CASSPGGFRQEAFF,0
FLNDLLSVM,CASSLYPGLAETSTDTQYF,0
FLNDLLSVM,CASSIGTVNRGPNTEAFF,Unknown
FLNDLLSVM,CASSYGLGEGEAFF,Unknown
NNILIATCV,CASSDTPDLNTEAFF,1
NNILIATCV,CASSVLNTGELFF,1
NNILIATCV,CSASNPTTGSNQPQHF,0
NNILIATCV,CASSLSGSGGRRYTQYF,0
NNILIATCV,CASRGQNTGELFF,Unknown
NNILIATCV,CSARDLQGEEPQHF,Unknown
FLKETGGL,CASSYEPGQVSHYSNQPQHF,1
FLKETGGL,CASSFEAGQGFFSNQPQHF,1
FLKETGGL,CSARAPGLAGGRGGEQYF,0
FLKETGGL,CASSYNGADPYEQYF,0
FLKETGGL,CASSYLPGQGDHYSNQPQHF,Unknown
FLKETGGL,CASSFEPGQGFYSNQPQHF,Unknown
FLKETGGL,CASRRYRGQLAGNTIYF,Unknown
FLKETGGL,CASSLAGPGGAWFGYTF,Unknown
KLMNIQQQL,CASGDSGALEFF,1
KLMNIQQQL,CSADVGGQNEQYF,1
KLMNIQQQL,CASSVGGEPEKLFF,0
KLMNIQQQL,CASSQDGSKGGGYTF,0
KLMNIQQQL,CASRGGDGETQYF,Unknown
KLMNIQQQL,CASGKGDTEAFF,Unknown
KLMNIQQQL,CASSYNSMNTEAFF,Unknown
KLMNIQQQL,CASSLGPGGASYTF,Unknown
KLMNIQQQL,CASGDLSYEQYF,Unknown
KLMNIQQQL,CSVEGLRGGNEQFF,Unknown
KLMNIQQQL,CASTDTGELFF,Unknown
KLMNIQQQL,CASSPGSAGVAIEQYF,Unknown
KLMNIQQQL,CASSVEAQISSSDTQYF,Unknown
KLMNIQQQL,CSARRPGTSPDTQYF,Unknown
KLMNIQQQL,CATIDPTGIHSPLHF,Unknown
KLMNIQQQL,CAKDRPAGRDEQFF,Unknown
KLMNIQQQL,CASSIPQEWSPLHF,Unknown
KLMNIQQQL,CASSSDGLAVSQFF,Unknown
YHSIEWAI,CASSFRDEDPGNTIYF,1
YHSIEWAI,CASTPTGNTEAFF,1
YHSIEWAI,CSARDLDSRLAGAPETQYF,0
YHSIEWAI,CSARSRRTGLAGGTQYF,0
YHSIEWAI,CASSPGPNQPQHF,Unknown
YHSIEWAI,CASRLLRLAGGGGNEQFF,Unknown
ILLDWAANI,CASSAGPWGYTF,1
ILLDWAANI,CASSYFRQSYEQYF,1
ILLDWAANI,CASNPRAGGAYNEQFF,0
ILLDWAANI,CASKGSAGYSYEQYF,0
ILLDWAANI,CASSGDKNEAFF,Unknown
ILLDWAANI,CASTRTSGGINEQFF,Unknown
RKTVRARSRTPSCRSRSHTPSRRRR,CASSLVDRRGEKLFF,1
RKTVRARSRTPSCRSRSHTPSRRRR,CASSLIRSEAFF,1
RKTVRARSRTPSCRSRSHTPSRRRR,CASSLGWGGVEAFF,0
RKTVRARSRTPSCRSRSHTPSRRRR,CASSQASTGGYTF,0
RKTVRARSRTPSCRSRSHTPSRRRR,CASSRDRSNEQFF,Unknown
RKTVRARSRTPSCRSRSHTPSRRRR,CASSFIRTGQYF,Unknown
RKTVRARSRTPSCRSRSHTPSRRRR,CASSSGGGAEWETQYF,Unknown
RKTVRARSRTPSCRSRSHTPSRRRR,CASSSWSPHGNEQFF,Unknown
FLFTFFASI,CASSLRGTGSYEQYF,1
FLFTFFASI,CASSLQGGGGYTF,1
FLFTFFASI,CASSLAGSANSYEQYF,0
FLFTFFASI,CATSYGVLLSGTHNF,0
FLFTFFASI,CSAIVFSRGGDEQFF,Unknown
FLFTFFASI,CASSLLHLEKLFF,Unknown
YVVTWIVGA,CASSESGAAYTGELFF,1
YVVTWIVGA,CASSPHSGGDPRNEQFF,1
YVVTWIVGA,CASSSSHVDDGYEQYF,0
YVVTWIVGA,CASSPTPHYFDGYGYTF,0
YVVTWIVGA,CASLEAGGETQYF,Unknown
YVVTWIVGA,CASSQPGAWGLEQFF,Unknown
APRGPHGGAASGL,ASSGGHTGSNEQF,1
APRGPHGGAASGL,ASSQRQEGDTQY,1
APRGPHGGAASGL,CASSPPYREGEQYF,0
APRGPHGGAASGL,CASSVDPRQGQFETQYF,0
APRGPHGGAASGL,CAILGQGYGYTF,Unknown
APRGPHGGAASGL,CASSQRQEGDTQYF,Unknown
APRGPHGGAASGL,CASSGGHTGSNEQFF,Unknown
APRGPHGGAASGL,CASQTFSPGQTQF,Unknown
APRGPHGGAASGL,CASSSSYSNQPQHF,Unknown
APRGPHGGAASGL,CASSSGTVLDEQYF,Unknown
APRGPHGGAASGL,CASSILFVDRGVGGYTF,Unknown
APRGPHGGAASGL,CASSMPPYNEQFF,Unknown
APRGPHGGAASGL,CSALSRGLTEAFF,Unknown
APRGPHGGAASGL,CASSLAGGFSIYEQYF,Unknown
LAMPFATPM,CASSYRTGSDEQFF,1
LAMPFATPM,CASSLPLGYEQYF,1
LAMPFATPM,CSARGEGGQGSNTEAFF,0
LAMPFATPM,CSPQGHEKTQYF,0
LAMPFATPM,CASSLGTSGIQFF,Unknown
LAMPFATPM,CASSLSAPFYGYTF,Unknown
CLLGTYTQDV,CASSQERGGPDTQYF,1
CLLGTYTQDV,CASSSTGGGEKDQPQHF,1
CLLGTYTQDV,CASSQADYASGGYEQYF,0
CLLGTYTQDV,CSGGLAEPYEQYF,0
CLLGTYTQDV,CSVDLEANYGYTF,Unknown
CLLGTYTQDV,CATSGNDRGYEQYF,Unknown
LMMPFSIVYI,CASSLQGSDNEQFF,1
LMMPFSIVYI,CASSSQTGPYSNQPQHF,1
LMMPFSIVYI,CASSYHRVHYTEAFF,0
LMMPFSIVYI,CASSRSGVQSRAGELFF,0
LMMPFSIVYI,CASSLSWEYEQYF,Unknown
LMMPFSIVYI,CASSQGLNPGQGLDTEAFF,Unknown
LMMPFSIVYI,CASRAPGTGEGYTF,Unknown
LMMPFSIVYI,CASSQVQGWESPLHF,Unknown
YLEPGPVAA,ASSFIGGTDTQYFG,1
YLEPGPVAA,ASSIGGPYEQYFG,1
YLEPGPVAA,CVSGLASREQYF,0
YLEPGPVAA,CAWSGQGFDEQYF,0
YLEPGPVAA,ASSFIGGTDTQY,Unknown
YLEPGPVAA,CASSPGTGGISEQFF,Unknown
LLAIKVPNV,CASGSYEQYF,1
LLAIKVPNV,CSARDPQGFDGYTF,1
LLAIKVPNV,CSSSLGQFGVQETQYF,0
LLAIKVPNV,CASTRRTGGRTEAFF,0
LLAIKVPNV,CAQGDYNEQFF,Unknown
LLAIKVPNV,CASSMSGWGDTQYF,Unknown
LLAIKVPNV,CASSQDPRQGFIRNEQFF,Unknown
LLAIKVPNV,CASSRNRGLAGHNEQFF,Unknown
FLNVLFPLL,CASSHNRGYEQYF,1
FLNVLFPLL,CSAPSYRELAGAYLQETQYF,1
FLNVLFPLL,CASSLGWQGGWGDYNEQFF,0
FLNVLFPLL,CATSSPGDIGQRGYGYTF,0
FLNVLFPLL,CASSRGLQETQYF,Unknown
FLNVLFPLL,CASSIGLNTEAFF,Unknown
FLNVLFPLL,CASSAGQGVGYTF,Unknown
FLNVLFPLL,CASSPPTGAGTYEQYF,Unknown
GTSGAPIVNR,CASSLGQGLLYGYT,1
GTSGAPIVNR,CASSLGQGSYEQY,1
GTSGAPIVNR,CASKTGGQANYGYTF,0
GTSGAPIVNR,CSARPLGLAGTDTQYF,0
GTSGAPIVNR,CASTTGGGGYEQY,Unknown
GTSGAPIVNR,CASSYKGGPPYEQYF,Unknown
FLKEQGGL,CASSYLPGQGDHYSNQPQHF,1
FLKEQGGL,CASSYEPGQVSHYSNQPQHF,1
FLKEQGGL,CASSSVPGQGRAFYEQYF,0
FLKEQGGL,CASSLRGREATEAFF,0
FLKEQGGL,CASSFEAGQGFFSNQPQHF,Unknown
FLKEQGGL,CASSFEPGQGFYSNQPQHF,Unknown
FLKEQGGL,CASSQEEVQETQYF,Unknown
FLKEQGGL,CASSFVLAGGGTGELFF,Unknown
KTVGIYPNA,CASRGQNTGELFF,1
KTVGIYPNA,CASSVLNTGELFF,1
KTVGIYPNA,CASRWDGGYTGELFF,0
KTVGIYPNA,CASSETGRGIDGETQYF,0
KTVGIYPNA,CASSIIAGSSYNEQFF,Unknown
KTVGIYPNA,CASSLDRPYIYGYTF,Unknown
TAMDIFVTV,CASSLAAQGQRVTGELFF,1
TAMDIFVTV,CASSFGGLYGYTF,1
TAMDIFVTV,CASTSDRGQENTEAFF,0
TAMDIFVTV,CASNTGSSGYTF,0
TAMDIFVTV,CSARDWGYEQYF,Unknown
TAMDIFVTV,CASSGGQGWTDTQYF,Unknown
TAMDIFVTV,CASSTPGQQSEQYF,Unknown
TAMDIFVTV,CASSSGILGADTQYF,Unknown
FIDCYLLAI,CSADRPGQSQETQYF,1
FIDCYLLAI,CASSPHTEAFF,1
FIDCYLLAI,CASSALGVAPPQHF,0
FIDCYLLAI,CASSHGPIYGYTF,0
FIDCYLLAI,CASDSNYGYTF,Unknown
FIDCYLLAI,CASSQVLAGGKKETQYF,Unknown
ILIVMVPFL,CASSAFGIVADTQYF,1
ILIVMVPFL,CASSLVGADRSGELFF,1
ILIVMVPFL,CASSSLRAGAFSYNEQFF,0
ILIVMVPFL,CASSTPPGLGYTDTQYF,0
ILIVMVPFL,CASSPGTTTNEKLFF,Unknown
ILIVMVPFL,CASSLRWTGGTQETQYF,Unknown
YLLFMIGYT,CASSFASGGYNEQFF,1
YLLFMIGYT,CASSFNTEAFF,1
YLLFMIGYT,CASSLDITSGEETQYF,0
YLLFMIGYT,CAWIGQSYEQYF,0
YLLFMIGYT,CASSVTGRWVPLHF,Unknown
YLLFMIGYT,CASSHSWGETQYF,Unknown
YLLFMIGYT,CSATEGIGLETQYF,Unknown
YLLFMIGYT,CASSYGRQRGDTQYF,Unknown
LLAILTYYV,CASSWVGGADTQYF,1
LLAILTYYV,CASSEVEGPGELFF,1
LLAILTYYV,CASSDTSYSNQPQHF,0
LLAILTYYV,CASSPNSRDRGLGEQYF,0
LLAILTYYV,CSASFHNGFWGGTEAFF,Unknown
LLAILTYYV,CASTVRQGSNQPQHF,Unknown
LLAILTYYV,CASSPTGTGGSDTQYF,Unknown
LLAILTYYV,CASSQAGEQYF,Unknown
LLAILTYYV,CASSLVRDRHTEAFF,Unknown
LLAILTYYV,CASSADEGALTEAFF,Unknown
LLAILTYYV,CSAKGLERTDTQYF,Unknown
LLAILTYYV,CASIGPGGQSGELFF,Unknown
LLAILTYYV,CAIADSTGTEAFF,Unknown
LLAILTYYV,CATSEVQRGKQYF,Unknown
VVTGVLVYL,CAWSGFSRTEAFF,1
VVTGVLVYL,CASSTSAGFSNQPQHF,1
VVTGVLVYL,CASSEAWWRSGGTDTQYF,0
VVTGVLVYL,CASIGTGVEKLFF,0
VVTGVLVYL,CASSQDPGNGNTIYF,Unknown
VVTGVLVYL,CASSLVGGITGELFF,Unknown
VVTGVLVYL,CASSYLFIGVVLYGYTF,Unknown
VVTGVLVYL,CAWSALSNTEAFF,Unknown
VLNPFIYTL,CASTHWERVDEQFF,1
VLNPFIYTL,CASSQGISTGELFF,1
VLNPFIYTL,CASSYATGRGYTF,0
VLNPFIYTL,CASSERYGHEQFF,0
VLNPFIYTL,CASSQEGRQGSYNEQFF,Unknown
VLNPFIYTL,CASSAAGQELGYTF,Unknown
VLNPFIYTL,CASSQNWGQADVGYTF,Unknown
VLNPFIYTL,CASSVASGGSRDTQYF,Unknown
GLMAIAWFI,CSARVQGAYEQYF,1
GLMAIAWFI,CASSYQTGPYSNQPQHF,1
GLMAIAWFI,CSTYGVTGLSNYGYTF,0
GLMAIAWFI,CASNYVGAPYSNQPQHF,0
GLMAIAWFI,CSARAGLRESTDTQYF,Unknown
GLMAIAWFI,CASSPLPRTGEYEAFF,Unknown
EIQEFCPNT,CASSDTPDLNTEAFF,1
EIQEFCPNT,CASSSGNPSTDTQYF,1
EIQEFCPNT,CASSYLWTSGGYPQFF,0
EIQEFCPNT,CASSVADRFPSGNTIYF,0
EIQEFCPNT,CASSVLNTGELFF,Unknown
EIQEFCPNT,CASRSQNYYGYTF,Unknown
EIQEFCPNT,CAIRQFDANTGELFF,Unknown
EIQEFCPNT,CASRGQNTGELFF,Unknown
EIQEFCPNT,CASSILGASNQPQHF,Unknown
EIQEFCPNT,CASSIIAGSSYNEQFF,Unknown
EIQEFCPNT,CASSGGVAIAGEEKETQYF,Unknown
EIQEFCPNT,CASSYSLDRATYEQYF,Unknown
EIQEFCPNT,CAIRPSRGAGELFF,Unknown
EIQEFCPNT,CAIAGTASSYNEQFF,Unknown
EIQEFCPNT,CASSISGGNTQYF,Unknown
EIQEFCPNT,CASSNGPIPLEAFF,Unknown
FMIGYASAL,CASSDRQGIATGELFF,1
FMIGYASAL,CSARDRSGIDTQYF,1
FMIGYASAL,CASSERSAKTYEQYF,0
FMIGYASAL,CASSWGTGGAYEQYV,0
FMIGYASAL,CASSFGSGNTIYF,Unknown
FMIGYASAL,CASSQETPRGGLPSYEQYF,Unknown
LLFGMTPCL,CASSLGGPGAFF,1
LLFGMTPCL,CASSQDQNTEAFF,1
LLFGMTPCL,CASSRLAGEGQQFF,0
LLFGMTPCL,CSSSLAGVVFAEAFF,0
LLFGMTPCL,CASSPDPYEQYF,Unknown
LLFGMTPCL,CASSPSPGSEQYF,Unknown
LLFGMTPCL,CASSNLGGTDTQYF,Unknown
LLFGMTPCL,CASSSLGDSYEQYF,Unknown
LLFGMTPCL,CASSQDWGNEQFF,Unknown
LLFGMTPCL,CASSLGAEQYF,Unknown
LLFGMTPCL,CASSTGGSRGEQFF,Unknown
LLFGMTPCL,CSARDLAGGKGQETQYF,Unknown
LLFGMTPCL,CTSSSRRGGPGETQYF,Unknown
LLFGMTPCL,CASSSWGQGLTEAFF,Unknown
LLFGMTPCL,CASSYPTDKNSKTQYF,Unknown
LLFGMTPCL,CAWSRDLGAYEQYF,Unknown
YVLTWIVGA,CASSLSPGYTEAFF,1
YVLTWIVGA,CASSESGAAYTGELFF,1
YVLTWIVGA,CASRFSQGRVTEAFF,0
YVLTWIVGA,CASSLTPEWREKKGDTQYF,0
YVLTWIVGA,CASSHETGELFF,Unknown
YVLTWIVGA,CASSVGNTEAFF,Unknown
YVLTWIVGA,CASLEAGGETQYF,Unknown
YVLTWIVGA,CASSPHSGGDPRNEQFF,Unknown
YVLTWIVGA,CASSRETGIGTEAFF,Unknown
YVLTWIVGA,CAILIGGETQYF,Unknown
YVLTWIVGA,CSANTAQETQYF,Unknown
YVLTWIVGA,CASTSDRVLNSPLHF,Unknown
SILDAVQRV,CASSEIASYNEQFF,1
SILDAVQRV,CASSLFARGGPTDTQYF,1
SILDAVQRV,CASSYGAKVSPYEQYF,0
SILDAVQRV,CASHLPGTMNTEAFF,0
SILDAVQRV,CATSRTDISYEQYF,Unknown
SILDAVQRV,CAWSVLGGRRNAIYF,Unknown
CLLWSFQTSA,CASNDRGMFNEQFF,1
CLLWSFQTSA,CASSDAGGHTDTQYF,1
CLLWSFQTSA,CASGGLRAPDYGYTF,0
CLLWSFQTSA,CSATGPVAEQYF,0
CLLWSFQTSA,CASSQDQGITEAFF,Unknown
CLLWSFQTSA,CASRTTRGANVLTF,Unknown
ESEERPPTPY,CASSPEGVFNEQFF,1
ESEERPPTPY,CASSSEGQFNEQFF,1
ESEERPPTPY,CASTFLGGTEAFF,0
ESEERPPTPY,CASSKKLRLAGGQEETQYF,0
ESEERPPTPY,CASSWEGQYNEQFF,Unknown
ESEERPPTPY,CASSYGIYEQFF,Unknown
ESEERPPTPY,CASSHSTGRPSEQYF,Unknown
ESEERPPTPY,CSARVDWANTEAFF,Unknown
CFLLILPNC,CASRGQNTGELFF,1
CFLLILPNC,CAIRQFDANTGELFF,1
CFLLILPNC,CAIAGTGMDYNEQFF,0
CFLLILPNC,CASSSGRQGNQYF,0
CFLLILPNC,CASSVLNTGELFF,Unknown
CFLLILPNC,CASSDTPDLNTEAFF,Unknown
CFLLILPNC,CASRSQNYYGYTF,Unknown
CFLLILPNC,CASSILGASNQPQHF,Unknown
CFLLILPNC,CAISARDQNTGELFF,Unknown
CFLLILPNC,CSARAGTGVEETQYF,Unknown
CFLLILPNC,CASSDGEEGSYEQYF,Unknown
CFLLILPNC,CASSARQEGRAFF,Unknown
CFLLILPNC,CASSETGNPGYTF,Unknown
CFLLILPNC,CASRAGAVYEQYF,Unknown
IMIEFCPGG,CASRGQNTGELFF,1
IMIEFCPGG,CASSVLNTGELFF,1
IMIEFCPGG,CAISASGGSNEQFF,0
IMIEFCPGG,CATSDFKRGLVHEQYF,0
IMIEFCPGG,CASSIIAGSSYNEQFF,Unknown
IMIEFCPGG,CSARKAGRTFGNQPQHF,Unknown
GTSGSPIVAR,CASSLGQGSYEQY,1
GTSGSPIVAR,CASSLGQGLLYGYT,1
GTSGSPIVAR,CASSTTPQRQVNTEAFF,0
GTSGSPIVAR,CSAHPLRGQNSNQPQHF,0
GTSGSPIVAR,CASTTGGGGYEQY,Unknown
GTSGSPIVAR,CASSPEATGGYNEQFF,Unknown
KLPLDINPV,CASSLASGNEQFF,1
KLPLDINPV,CASSLNPGTSYEQYF,1
KLPLDINPV,CSARNPGTASNEQFF,0
KLPLDINPV,CASSLIIPADIYNEQFF,0
KLPLDINPV,CAISRGDTEAFF,Unknown
KLPLDINPV,CAISPLTGITDTQYF,Unknown
GTSGSPIVDR,CASSLGQGSYEQY,1
GTSGSPIVDR,CASTTGGGGYEQY,1
GTSGSPIVDR,CSVRDGRIYEQYF,0
GTSGSPIVDR,CASSPPGQGKLF,0
GTSGSPIVDR,CASSLGQGLLYGYT,Unknown
GTSGSPIVDR,CASSENWQGNYGYTF,Unknown
RCMLQCPSV,CASRGQNTGELFF,1
RCMLQCPSV,CASSVLNTGELFF,1
RCMLQCPSV,CASSLSPGATYGYTF,0
RCMLQCPSV,CSSSALEAFF,0
RCMLQCPSV,CAIRQFDANTGELFF,Unknown
RCMLQCPSV,CASSWTGGGGGSGYTF,Unknown
VLMGGVPGVE,CASSQGWDEQYF,1
VLMGGVPGVE,CASSTLSGNYNEQFF,1
VLMGGVPGVE,CSVGLAGRGVAYEQYF,0
VLMGGVPGVE,CASSDVFRTGFNQPQHF,0
VLMGGVPGVE,CASSFWGLGELFF,Unknown
VLMGGVPGVE,CSVDGDVGANYGYTF,Unknown
ILLDWAANV,CASSAGPWGYTF,1
ILLDWAANV,CASSYFRQSYEQYF,1
ILLDWAANV,CASSPAATSGYNEQFF,0
ILLDWAANV,CAWMVVDEKLFF,0
ILLDWAANV,CASSGDKNEAFF,Unknown
ILLDWAANV,CSAIFARKDGYTF,Unknown
AVGSHVYSV,CASSLAYEQYF,1
AVGSHVYSV,CASSFRGEAFF,1
AVGSHVYSV,CSVGTTGRNTIYF,0
AVGSHVYSV,CASSYRGQGNRNTEAFF,0
AVGSHVYSV,CASSVDGGPQETQYF,Unknown
AVGSHVYSV,CASGRTGEGFTEAFF,Unknown
ALIHHNTHL,CASSQSETGDGYTF,1
ALIHHNTHL,CASSPRDRVHEQYF,1
ALIHHNTHL,CASSFSRGAGSKNEQYF,0
ALIHHNTHL,CASSAQHRGVKYGYTF,0
ALIHHNTHL,CASSIESGSKQRNEQFF,Unknown
ALIHHNTHL,CASSLAVQRPSGNTIYF,Unknown
ALIHHNTHL,CSVGPGVDTQYF,Unknown
ALIHHNTHL,CASSFGGSGFGYTF,Unknown
FIDQYYSSI,CASSMTVMNTEAFF,1
FIDQYYSSI,CASSLGPSLYEQYF,1
FIDQYYSSI,CASSLAVVGSAFF,0
FIDQYYSSI,CASSIGLGQSHGYTF,0
FIDQYYSSI,CASSFWSGGTYEQYF,Unknown
FIDQYYSSI,CASSSIPTDPISSYNEQFF,Unknown
KLFEFLVHGV,CASSLGGNPTYNEQFF,1
KLFEFLVHGV,CASTQGGVDTQYF,1
KLFEFLVHGV,CASSQGGQGGTTEETQYF,0
KLFEFLVHGV,CASSLAWIGATNEKLFF,0
KLFEFLVHGV,CASSLGDPNTEAFF,Unknown
KLFEFLVHGV,CASSQGALGYTF,Unknown
KLFEFLVHGV,CACHRGVEQFF,Unknown
KLFEFLVHGV,CASSGGQGVRTNEKLFF,Unknown
AEMEFCPCC,CASSVLNTGELFF,1
AEMEFCPCC,CASSDTPDLNTEAFF,1
AEMEFCPCC,CASSEFNLPSLGNTEAFF,0
AEMEFCPCC,CASNWDHTDTQYF,0
AEMEFCPCC,CASRSQNYYGYTF,Unknown
AEMEFCPCC,CAIRQFDANTGELFF,Unknown
AEMEFCPCC,CASRGQNTGELFF,Unknown
AEMEFCPCC,CASSILGASNQPQHF,Unknown
AEMEFCPCC,CASSIIAGSSYNEQFF,Unknown
AEMEFCPCC,CASSSGNPSTDTQYF,Unknown
AEMEFCPCC,CASREDADETQYF,Unknown
AEMEFCPCC,CASQPRQSTDTQYF,Unknown
AEMEFCPCC,CASSQDEGQGSSPLHF,Unknown
AEMEFCPCC,CASSYSVTHMNTEAFF,Unknown
AEMEFCPCC,CATSIGQSQETQYF,Unknown
AEMEFCPCC,CAIGLAGYEQYF,Unknown
AMAGSLVFL,CASSPMTDSTDTQYF,1
AMAGSLVFL,CASSQDLGTGNTIYF,1
AMAGSLVFL,CASRWTGFTEKLFF,0
AMAGSLVFL,CASSYSPGDIQYF,0
AMAGSLVFL,CASSPTPGTGETQYF,Unknown
AMAGSLVFL,CASSLRMMEGYTF,Unknown
SSCMGGMNWR,CASSFGSGSTDTQYF,1
SSCMGGMNWR,CASNLGGGSTDTQYF,1
SSCMGGMNWR,CASSDGGRVHEQYF,0
SSCMGGMNWR,CASSYGTSDNNEQFF,0
SSCMGGMNWR,CASSLGTGSTDTQYF,Unknown
SSCMGGMNWR,CASYREHQDEQYF,Unknown
KLLEIAPNC,CASSVLNTGELFF,1
KLLEIAPNC,CASRSQNYYGYTF,1
KLLEIAPNC,CASSTLGGGDYEQYF,0
KLLEIAPNC,CSVESGQGAIPRGYTF,0
KLLEIAPNC,CAIRQFDANTGELFF,Unknown
KLLEIAPNC,CASRGQNTGELFF,Unknown
KLLEIAPNC,CASSILGASNQPQHF,Unknown
KLLEIAPNC,CAISARDQNTGELFF,Unknown
KLLEIAPNC,CASSIIAGSSYNEQFF,Unknown
KLLEIAPNC,CASSDTPDLNTEAFF,Unknown
KLLEIAPNC,CASSSGNPSTDTQYF,Unknown
KLLEIAPNC,CASTWGPRGGASEQYF,Unknown
KLLEIAPNC,CASSYRQAENSPLHF,Unknown
KLLEIAPNC,CASSELRDSDTEAFF,Unknown
KLLEIAPNC,CARRPDRGNGYTF,Unknown
KLLEIAPNC,CASSLVQGLGAYNEQFF,Unknown
KLLEIAPNC,CASSQAQFQYNEQFF,Unknown
KLLEIAPNC,CASGTSRLKDTQYF,Unknown
FLKEMGGL,CASSYEPGQVSHYSNQPQHF,1
FLKEMGGL,CASSFEAGQGFFSNQPQHF,1
FLKEMGGL,CASSMTEGRGTEAFF,0
FLKEMGGL,CASSQVAGVIYEQYF,0
FLKEMGGL,CASSYLPGQGDHYSNQPQHF,Unknown
FLKEMGGL,CASSFEPGQGFYSNQPQHF,Unknown
FLKEMGGL,CASVPGHSGSPLHF,Unknown
FLKEMGGL,CASSRFGQSISNQPQHF,Unknown
FLTYLDVSV,CASSLWGQGWTGELFF,1
FLTYLDVSV,CASSFGANTGELFF,1
FLTYLDVSV,CASSSDVQLAKHF,0
FLTYLDVSV,CATSDASGRGPGELFF,0
FLTYLDVSV,CASNSGGAYNEQFF,Unknown
FLTYLDVSV,CASSVESGEQYF,Unknown
FLTYLDVSV,CASSVGTGYEQYF,Unknown
FLTYLDVSV,CASAERVLGANEKLFF,Unknown
FLTYLDVSV,CASSYPQISGRRSEQFF,Unknown
FLTYLDVSV,CASSSEQGLRKLFF,Unknown
NMIHFAPNV,CAIRQFDANTGELFF,1
NMIHFAPNV,CASSDTPDLNTEAFF,1
NMIHFAPNV,CAIRQRLNNQPQHF,0
NMIHFAPNV,CASSYDPVSSYNEQFF,0
NMIHFAPNV,CASSVLNTGELFF,Unknown
NMIHFAPNV,CASRGQNTGELFF,Unknown
NMIHFAPNV,CASSSGNPSTDTQYF,Unknown
NMIHFAPNV,CASSIIAGSSYNEQFF,Unknown
NMIHFAPNV,CASRALTRMKGDEQYF,Unknown
NMIHFAPNV,CSAEASAEGDTQYF,Unknown
NMIHFAPNV,CASRRRGGARTEAFF,Unknown
NMIHFAPNV,CASSSRRTSGRALVPYEQYF,Unknown
YLEPGAVTA,ASSIGGPYEQYFG,1
YLEPGAVTA,ASSFIGGTDTQY,1
YLEPGAVTA,CASSIFVGGTNEQFF,0
YLEPGAVTA,CSARASGTSGETQYF,0
YLEPGAVTA,ASSFIGGTDTQYFG,Unknown
YLEPGAVTA,CASSDPEYANTGELFF,Unknown
LIFNMLYWI,CASSSQTGPYSNQPQHF,1
LIFNMLYWI,CASSLAQSDSLAFF,1
LIFNMLYWI,CASSVEELRGTEAFF,0
LIFNMLYWI,CASRRPGPSSGNTIYF,0
LIFNMLYWI,CASFNTGELFF,Unknown
LIFNMLYWI,CASSQVTQNTGELFF,Unknown
FIYQYYSSI,CSADRPGQSQETQYF,1
FIYQYYSSI,CSARDRGFFRPGELFF,1
FIYQYYSSI,CSAREGAGNLFGL,0
FIYQYYSSI,CASSPWRGTQNQPQHF,0
FIYQYYSSI,CASSQEPSLNTEAFF,Unknown
FIYQYYSSI,CASTLGQGNTEAFF,Unknown
FIYQYYSSI,CANARDSNQPQHF,Unknown
FIYQYYSSI,CASSPRNPLGVETQYF,Unknown
ILNVDVFTL,CSARTWTGNTIYF,1
ILNVDVFTL,CASSLGQGWETQYF,1
ILNVDVFTL,CASSFQYRGSNQPQHF,0
ILNVDVFTL,CASKSSSGGRGQYF,0
ILNVDVFTL,CAWSVSVYYGYTF,Unknown
ILNVDVFTL,CASSLGPMEENIQYF,Unknown
ILNVDVFTL,CASSIFTRRGYEQYF,Unknown
ILNVDVFTL,CASRMGSTAFF,Unknown
ILNVDVFTL,CSVRLTDYNEQFF,Unknown
ILNVDVFTL,CASSSQGGAKNEQYF,Unknown
ILNVDVFTL,CSARDEKVFGEQYF,Unknown
ILNVDVFTL,CASSMLGRGDTDTQYF,Unknown
ILNVDVFTL,CASSQVFKARGQAQDHNEQFF,Unknown
ILNVDVFTL,CAISRTSGTTSSYNEQFF,Unknown
ILNVDVFTL,CASSEQQGVGANVLTF,Unknown
ILNVDVFTL,CASGQDRGLNTDTQYF,Unknown
VYALIAGATL,CASSEWVFWSSYNSPLHF,1
VYALIAGATL,CASSPTLYNEQFF,1
VYALIAGATL,CSSSLVAGEPPGELFF,0
VYALIAGATL,CAIADMAGEQYF,0
VYALIAGATL,CASHPVGSLTDTQYF,Unknown
VYALIAGATL,CASSLSYLNEQFF,Unknown
VYALIAGATL,CASSLMRTLHSEAFF,Unknown
VYALIAGATL,CATSQRTGRQETQYF,Unknown
FYGKTILWF,CASSRGTLHYGYTF,1
FYGKTILWF,CASSTRVVAGNNEQFF,1
FYGKTILWF,CASRQGWIYQPQHF,0
FYGKTILWF,CASSFRGNTEASF,0
FYGKTILWF,CASSLGQGCSNQPQHF,Unknown
FYGKTILWF,CASSLGAAPQETQYF,Unknown
FYGKTILWF,CAWSPPGGARNYGYTF,Unknown
FYGKTILWF,CASSSPASRLAGSPYEQYF,Unknown
TLNAWVKVV,CASSYRGQSYEQYF,1
TLNAWVKVV,CASSLVPQGEEQYF,1
TLNAWVKVV,CASSLGAGLRGVDTQYF,0
TLNAWVKVV,CAWSVPKTSVSYNEQFF,0
TLNAWVKVV,CASSEEGAWNTGELFF,Unknown
TLNAWVKVV,CSARDAGGDYGYTF,Unknown
TLNAWVKVV,CASKARQSTGELFF,Unknown
TLNAWVKVV,CASRARDLTTRDSYNEQFF,Unknown
FLDEFMEAV,CATSAKTRLNTEAFF,1
FLDEFMEAV,CSARQTSGGSSYNEQFF,1
FLDEFMEAV,CATSGNSLPYSNQPQHF,0
FLDEFMEAV,CASSQEGSAGRTQYF,0
FLDEFMEAV,CASSLVTGGGEAFF,Unknown
FLDEFMEAV,CASSEYAGGPGNTIYF,Unknown
KLSHQLVLL,CASSQEIGMNEKLFF,1
KLSHQLVLL,CASSLGGFAGNTIYF,1
KLSHQLVLL,CASSSYRGHSPLHF,0
KLSHQLVLL,CAWRARGPLNYGYTF,0
KLSHQLVLL,CSATSGTDTQYF,Unknown
KLSHQLVLL,CASSSTGALYEQYF,Unknown
KLSHQLVLL,CASSASSGRVWYF,Unknown
KLSHQLVLL,CASSLLDRVYTF,Unknown
LMVLHSPSL,CASSGRDRNF,1
LMVLHSPSL,CASSLSGFGNTIYF,1
LMVLHSPSL,CASSQGTPGLTDTQYF,0
LMVLHSPSL,CASSYQTLAGDVSTDTQYF,0
LMVLHSPSL,CASSFFPGELFF,Unknown
LMVLHSPSL,CASSLGPFGNSPLHF,Unknown
TMSFSHLFYL,CASSLGGGGPQETQYF,1
TMSFSHLFYL,CASSIDRTVGNTIYF,1
TMSFSHLFYL,CASMTWISDRGSPLHF,0
TMSFSHLFYL,CSATLGHRNTEAFF,0
TMSFSHLFYL,CASSPDPSGNEQFF,Unknown
TMSFSHLFYL,CAWSRSLISYYGYTF,Unknown
FLFMYLVTV,CASSPGQGYEQYF,1
FLFMYLVTV,CASSQESGGGTEAFF,1
FLFMYLVTV,CASSRMAVFNSPLHF,0
FLFMYLVTV,CASSLEAGLEQFF,0
FLFMYLVTV,CASSYTGWHEQYF,Unknown
FLFMYLVTV,CASSVDFGRTYNEQFF,Unknown
FLFMYLVTV,CSANTGSVVYTF,Unknown
FLFMYLVTV,CASSKKFGTRDQETQYF,Unknown
GPGMKARVL,CASSLELGDEQFF,1
GPGMKARVL,CASSQETGDEQYF,1
GPGMKARVL,CSAGRGPGVSYNSPLHF,0
GPGMKARVL,CASSLPPTAQITDTQYF,0
GPGMKARVL,CASSQETGDTQYF,Unknown
GPGMKARVL,CASSLETGDEQYF,Unknown
GPGMKARVL,CASSPFLAGYSYNEQFF,Unknown
GPGMKARVL,CASTPDRGKRYTEAFF,Unknown
VQYLGMFPV,CASSQNGSEAAYSNQPQHF,1
VQYLGMFPV,CASNSGPNEKLFF,1
VQYLGMFPV,CASRKTRPGELFF,0
VQYLGMFPV,CASNQQDQETQYF,0
VQYLGMFPV,CASSLGQGYNEQFF,Unknown
VQYLGMFPV,CASSTPGGWNTEAFF,Unknown
VQYLGMFPV,CASSRRDRGQADTQYF,Unknown
VQYLGMFPV,CASSYYGVNGANVLTF,Unknown
LLAILPYYV,CSARVRGDHNEQFF,1
LLAILPYYV,CASSLSIIDPRYF,1
LLAILPYYV,CATSRAIQGQETQYF,0
LLAILPYYV,CASSPRGSGGYYNEQFF,0
LLAILPYYV,CASSITFSDTQYF,Unknown
LLAILPYYV,CASSLTGATDTQYF,Unknown
LLAILPYYV,CSARDPTSGGATGELFF,Unknown
LLAILPYYV,CASSSPSQGITGELFF,Unknown
LLAILPYYV,CSVEGPSRAEAFF,Unknown
LLAILPYYV,CASTPGGTGGKTQYF,Unknown
LLAILPYYV,CASTVLDTEAFF,Unknown
LLAILPYYV,CASSYPRAGAGFCEQFF,Unknown
KLNTITAVV,CASMRPTSYEQYF,1
KLNTITAVV,CSVEAGGVSEAFF,1
KLNTITAVV,CASKPGTSGPANTGELFF,0
KLNTITAVV,CAWSVPSGSYTQYF,0
KLNTITAVV,CASSLETGGWETQYF,Unknown
KLNTITAVV,CSDGTGDGYTF,Unknown
KLNTITAVV,CANSFGGDGAGELFF,Unknown
KLNTITAVV,CASSSIGVLNEKLFF,Unknown
VLNYFKPYL,CASSWGGYTF,1
VLNYFKPYL,CASSLIDSPYEQYF,1
VLNYFKPYL,CASNLLGTYGYTF,0
VLNYFKPYL,CASSFVTGQGASPLHF,0
VLNYFKPYL,CASSRIANNNNEQFF,Unknown
VLNYFKPYL,CASSIAVSLAKNIQYF,Unknown
VLNYFKPYL,CASSLLGQSTNEKLFF,Unknown
VLNYFKPYL,CSASSPDREADGYTF,Unknown
VLNYFKPYL,CASRGGGGFYEQYF,Unknown
VLNYFKPYL,CASSLGTSSTDTQYF,Unknown
VLNYFKPYL,CASMRRQGARGTSLRNEQFF,Unknown
VLNYFKPYL,CASSPLQGSDNYGYTF,Unknown
VLNYFKPYL,CASSLGGLGVSYNEQFF,Unknown
VLNYFKPYL,CAWSSQGAGTGELFF,Unknown
VLNYFKPYL,CSAYWPDFKNIQYF,Unknown
VLNYFKPYL,CSANREINRNEQYF,Unknown
SIIGRLLEV,CASSYFGGSLSEQYF,1
SIIGRLLEV,CASSPWRGPFQETQYF,1
SIIGRLLEV,CASSLLQGRLMNTEAFF,0
SIIGRLLEV,CAASRRTSADTQYF,0
SIIGRLLEV,CASSYRFDSPLHF,Unknown
SIIGRLLEV,CASVLGGSSYNEQFF,Unknown
SIIGRLLEV,CASSYLGTGSGANVLTF,Unknown
SIIGRLLEV,CASSRGPAEEAFF,Unknown
LLFGFPVYV,ASSYPGGGFYEQY,1
LLFGFPVYV,ASRPGLAGGRPEQY,1
LLFGFPVYV,CASSIITGPTGAFF,0
LLFGFPVYV,CASSILPSTQPNEQYF,0
LLFGFPVYV,CASRPGLAGGRPEQYF,Unknown
LLFGFPVYV,CSVETGAFEAFF,Unknown
HMTEVVRHC,CAISELVTGDSPLHF,1
HMTEVVRHC,CASSEGLWQVGDEQYF,1
HMTEVVRHC,CASLGLGGELFF,0
HMTEVVRHC,CASSIGFRDTEAFF,0
HMTEVVRHC,CASSLDPGDTGELFF,Unknown
HMTEVVRHC,CASSIQQGADTQYF,Unknown
HMTEVVRHC,CASSIWTAVNGANVLTF,Unknown
HMTEVVRHC,CASSYSAGTGGSYEQYF,Unknown
VLENFTIFLV,CASSIAQGGNQPQHF,1
VLENFTIFLV,CSVELTTYEQYF,1
VLENFTIFLV,CASSDQKGAGTGELFF,0
VLENFTIFLV,CSASNSGDRTDTQYF,0
VLENFTIFLV,CASSSQELTEAFF,Unknown
VLENFTIFLV,CASSEGQGYEQYF,Unknown
VLENFTIFLV,CASSRKGNSNQPQHF,Unknown
VLENFTIFLV,CASRLRGIRDQPQHF,Unknown
YLEPGPATA,ASSFIGGTDTQYFG,1
YLEPGPATA,ASSIGGPYEQYFG,1
YLEPGPATA,CAWSMGFWSGSGNTIYF,0
YLEPGPATA,CASSSSGSDDTQYF,0
YLEPGPATA,ASSFIGGTDTQY,Unknown
YLEPGPATA,CASSLNGHPYPTYGYTF,Unknown
VMAPRTLIL,CASSANPGDSSNEKLFF,1
VMAPRTLIL,ASSQDRDTQY,1
VMAPRTLIL,CASTLRAGGAETQYF,0
VMAPRTLIL,CASSLIWGGNYNEQFF,0
VMAPRTLIL,CASSQDRDTQYF,Unknown
VMAPRTLIL,ASSANPGDSSNEKLF,Unknown
VMAPRTLIL,CAWWRGTGAYEQYF,Unknown
VMAPRTLIL,CASSREGFSNQPQHF,Unknown
TMAAISNTV,CASSVTSDQTQYF,1
TMAAISNTV,CASSQWGGNEQFF,1
TMAAISNTV,CAWSFGRVEETQYF,0
TMAAISNTV,CASSFQGGVVTGELFF,0
TMAAISNTV,CASSFLLYNEQFF,Unknown
TMAAISNTV,CASSELQVIAKNIQYF,Unknown
CCIEVINNT,CASRSQNYYGYTF,1
CCIEVINNT,CASSVLNTGELFF,1
CCIEVINNT,CSSSTTSDEQYF,0
CCIEVINNT,CASSQDWGDKNTIYF,0
CCIEVINNT,CASSDTPDLNTEAFF,Unknown
CCIEVINNT,CASRGQNTGELFF,Unknown
CCIEVINNT,CASSSGPWTSGYEQYF,Unknown
CCIEVINNT,CASSYRPGQRNMNTEAFF,Unknown
FILDAVQRV,CASSLFARGGPTDTQYF,1
FILDAVQRV,CATSRTDISYEQYF,1
FILDAVQRV,CATRPTDFSEQFF,0
FILDAVQRV,CSARDPGWRQFF,0
FILDAVQRV,CASSEIASYNEQFF,Unknown
FILDAVQRV,CASSSLRTGSNTEAFF,Unknown
GQFLTPNSH,CASSLGQGRVEQYF,1
GQFLTPNSH,CAITSGQGNNEQYF,1
GQFLTPNSH,CASSQEGPGTAGHFQYF,0
GQFLTPNSH,CASSFSSGAATETQYF,0
GQFLTPNSH,CASRFVAPSDGYNEQFF,Unknown
GQFLTPNSH,CAISEVGTGSSGNTIYF,Unknown
GQFLTPNSH,CASSLIAAGGNSPLHF,Unknown
GQFLTPNSH,CSAPTGGFSYEQYF,Unknown
LHMEFCSCC,CAIRQFDANTGELFF,1
LHMEFCSCC,CASRGQNTGELFF,1
LHMEFCSCC,CASSYQDLGSSYNEQFF,0
LHMEFCSCC,CASSILLGTGKNQPQHF,0
LHMEFCSCC,CASSVLNTGELFF,Unknown
LHMEFCSCC,CASRISGGVTEQYF,Unknown
LLAGTLAVV,CANGQGDYEQYF,1
LLAGTLAVV,CASSLDLAGGFYEQYF,1
LLAGTLAVV,CATSDSAGFQPQHF,0
LLAGTLAVV,CASERQGARNTIYF,0
LLAGTLAVV,CASSPGQAEPQHF,Unknown
LLAGTLAVV,CASSEKPDTQYF,Unknown
LLAGTLAVV,CSATLDRNYGYTF,Unknown
LLAGTLAVV,CASSDGTADKTGNTIYF,Unknown
LLAGTLAVV,CAISPAGGPGTNTEAFF,Unknown
LLAGTLAVV,CASSYQTGWDATNEKLFF,Unknown
ALIHHNTYL,CSVVGTGSVITNEKLFF,1
ALIHHNTYL,CASSDLQENQPQHF,1
ALIHHNTYL,CSASGTSGIKPYEQYF,0
ALIHHNTYL,CATLEETSGSGGYNEQFF,0
ALIHHNTYL,CASSIESGSKQRNEQFF,Unknown
ALIHHNTYL,CASSLAVQRPSGNTIYF,Unknown
ALIHHNTYL,CSARRTSGGHPPWDTQYF,Unknown
ALIHHNTYL,CSARGSGWSYEQYF,Unknown
APARLERRHSA,CASSTTSGGAHNEQFF,1
APARLERRHSA,CASSLLKAANYGYTF,1
APARLERRHSA,CASSLGGNPVGDTQYF,0
APARLERRHSA,CASSNGTASSYNSPLHF,0
APARLERRHSA,CASRAVINTDTQYF,Unknown
APARLERRHSA,CASRDGRVHQPQHF,Unknown
APARLERRHSA,CASSGDKGTRGETQYF,Unknown
APARLERRHSA,CASSVEFRAYEQYF,Unknown
LIFNMFYWI,CASSPGGTNEKLFF,1
LIFNMFYWI,CASSFGQGYEQYF,1
LIFNMFYWI,CSVPAEVQTDTQYF,0
LIFNMFYWI,CAAGVSGRSYEQYF,0
LIFNMFYWI,CATSGGQSNEKLFF,Unknown
LIFNMFYWI,CASSLGDTRIRDF,Unknown
